pdbid,symmetry,fold,multimer,best RMSD,best avg plddt,best iptm+ptm,best ptm,best iptm,best RMSD comes from mer,symmetrizable,sym best total rmsd
7JOT,I,hf,True,2.711388111114502,72.03037515644209,0.5332621739794339,0.6025963656552258,0.5159286,5,False,
7JOT,I,3,True,0.9524096846580504,80.85349506700068,0.7092823692375473,0.7631381492883222,0.6958184,3,False,
7JOT,I,2_1,True,3.117308616638184,86.64996811876051,0.7490678888647426,0.8016438991271798,0.7359239,5,False,
7JOT,I,2_2,True,5.039772987365723,86.64996811876051,0.7490678888647426,0.8016438991271798,0.7359239,5,False,
7JOT,I,1,False,1.0032405853271484,96.74763806895808,,,,1,False,
1HQK,I,hf,True,0.5054410099983215,98.11242808977738,0.955893189765246,0.9596073978008391,0.95496464,5,True,0.0192961748689413
1HQK,I,3,True,0.7995699644088745,97.58515162259108,0.9289911589024517,0.938806693254933,0.9265373,5,True,12.525156021118164
1HQK,I,2_1,True,0.8044743537902832,97.39473741888236,0.8943439029581461,0.9163649196064044,0.88883865,5,False,
1HQK,I,2_2,True,0.8705397844314575,97.39473741888236,0.8943439029581461,0.9163649196064044,0.88883865,5,False,
1HQK,I,1,False,0.5172069072723389,97.58712037596632,,,,1,False,
5YL1,I,hf,True,0.7638431787490845,93.14279514122886,0.9009962673425292,0.9118140317199694,0.8982918,5,True,0.0373881608247756
5YL1,I,3,True,1.8054802417755127,81.67283757754697,0.4002822660252306,0.5516796225532158,0.36243293,5,False,
5YL1,I,2_1,True,0.8940683007240295,86.28409186630962,0.5188720627052721,0.6675536252176444,0.48170167,5,False,
5YL1,I,2_2,True,15.62829303741455,86.28409186630962,0.5188720627052721,0.6675536252176444,0.48170167,5,False,
5YL1,I,1,False,0.7154734134674072,94.25432118593272,,,,1,False,
6YFR,I,hf,True,14.426518440246582,53.974034496806254,0.2803507763499031,0.3617930205434611,0.25999022,5,False,
6YFR,I,3,True,14.345608711242676,73.78484353692102,0.5948200349606618,0.6708627366014044,0.57580936,5,False,
6YFR,I,2_1,True,2.485926628112793,85.69964269544751,0.8692614141448168,0.8651702718654415,0.8702842,2,False,
6YFR,I,2_2,True,25.12752342224121,85.69964269544751,0.8692614141448168,0.8651702718654415,0.8702842,5,False,
6YFR,I,1,False,3.3307948112487797,80.82213072607622,,,,1,False,
6S44,I,hf,True,1.289395451545715,84.59830485132554,0.8444503013296591,0.8604196031906544,0.840458,5,False,
6S44,I,3,True,18.004283905029297,81.99602697486773,0.5966752626753117,0.6832769405127885,0.57502484,3,False,
6S44,I,2_1,True,13.73163604736328,75.46900601268786,0.364951430696128,0.5660272187882573,0.31468248,2,False,
6S44,I,2_2,True,15.89913845062256,75.46900601268786,0.364951430696128,0.5660272187882573,0.31468248,3,False,
6S44,I,1,False,1.1133573055267334,89.74410604380952,,,,1,False,
7B3Y,I,hf,True,10.035466194152832,91.75374979278897,0.523210391002709,0.5997646282008011,0.50407183,5,False,
7B3Y,I,3,True,0.34991455078125,98.69980560753926,0.966283135226014,0.9688298931253092,0.96564645,3,True,0.0141931511461734
7B3Y,I,2_1,True,9.393086433410645,98.46813236243368,0.9147739259277058,0.9335064132383823,0.9100908,5,False,
7B3Y,I,2_2,True,10.63276195526123,98.46813236243368,0.9147739259277058,0.9335064132383823,0.9100908,5,False,
7B3Y,I,1,False,0.378311812877655,98.48042578500932,,,,1,False,
3P0S,I,hf,True,8.914714813232422,54.96024214101039,0.6503861514335006,0.6672983604695046,0.6461581,3,False,
3P0S,I,3,True,32.37681198120117,55.61009603689005,0.478924454159405,0.553043548796903,0.46039468,3,False,
3P0S,I,2_1,True,34.96418380737305,53.95694566638189,0.375329902352889,0.4654977406472331,0.35338798,3,False,
3P0S,I,2_2,True,32.37538528442383,53.95694566638189,0.375329902352889,0.4654977406472331,0.35338798,3,False,
3P0S,I,1,False,8.76207447052002,58.6858126156768,,,,1,False,
2Y26,I,hf,True,1.0226213932037354,81.06163434326281,0.6633175024952283,0.7058084654638122,0.65269476,3,False,
2Y26,I,3,True,36.68966293334961,85.80450463187243,0.6365989087859447,0.717356621642736,0.6164095,5,False,
2Y26,I,2_1,True,36.45092010498047,90.4434149013012,0.7242221535182215,0.8092592661262639,0.7029629,3,False,
2Y26,I,2_2,True,43.51649856567383,90.4434149013012,0.7242221535182215,0.8092592661262639,0.7029629,5,False,
2Y26,I,1,False,1.2598111629486084,92.1573441825672,,,,1,False,
1DZL,I,hf,True,3.79862904548645,83.6423761767937,0.8811254511212288,0.890469079184024,0.87878954,2,False,
1DZL,I,3,True,36.834590911865234,80.14204363083036,0.7296785791114081,0.7786662376896086,0.71743166,5,False,
1DZL,I,2_1,True,38.27488708496094,85.31294607743956,0.7398405766338214,0.8147882103175449,0.72110367,5,False,
1DZL,I,2_2,True,35.1601676940918,85.31294607743956,0.7398405766338214,0.8147882103175449,0.72110367,5,False,
1DZL,I,1,False,5.324559688568115,88.73147486723524,,,,1,False,
6LB0,I,hf,True,0.8574234247207642,95.30030089447143,0.8732161736477334,0.8917323231642038,0.86858714,5,False,
6LB0,I,3,True,9.735709190368652,90.93588737062112,0.6345399435947121,0.7317705435503429,0.6102323,5,False,
6LB0,I,2_1,True,6.646072864532471,92.5005680321552,0.4992533697185015,0.6895387239739772,0.45168203,5,False,
6LB0,I,2_2,True,10.30788803100586,92.5005680321552,0.4992533697185015,0.6895387239739772,0.45168203,5,False,
6LB0,I,1,False,0.8341135382652283,95.8429248741257,,,,1,False,
7EPP,I,hf,True,22.380006790161133,24.68430115856541,0.1211725646646511,0.1458883555688918,0.11499362,3,False,
7EPP,I,3,True,22.95122718811035,26.638548789668743,0.1098285027362826,0.1542440284154042,0.09977549,3,False,
7EPP,I,2_1,True,20.799325942993164,25.245674542383505,0.0961526694603687,0.1559310376954362,0.08228244,3,False,
7EPP,I,2_2,True,25.46566772460937,25.245674542383505,0.0961526694603687,0.1559310376954362,0.08228244,5,False,
7EPP,I,1,False,11.96543025970459,46.18083295077206,,,,1,False,
6RPO,I,hf,True,2.8038671016693115,75.54235433526817,0.5688890036231252,0.6257343571811778,0.55467767,5,False,
6RPO,I,3,True,2.6000735759735107,75.28837706160508,0.4023817225531618,0.5346642356295785,0.3693111,5,False,
6RPO,I,2_1,True,2.411349058151245,75.44527004513829,0.3969027923344322,0.5912383431189996,0.3483189,5,False,
6RPO,I,2_2,True,3.678328275680542,75.44527004513829,0.3969027923344322,0.5912383431189996,0.3483189,5,False,
6RPO,I,1,False,2.645159244537353,89.51538849703041,,,,1,False,
4RFT,I,hf,True,1.4203510284423828,94.24828439913313,0.9124361309075708,0.9214238090636108,0.9101892,5,True,0.0502721332013607
4RFT,I,3,True,4.804086208343506,84.41250635975265,0.2127976276191897,0.4186105021401379,0.16134441,5,False,
4RFT,I,2_1,True,1.9676767587661743,91.3957010599128,0.4091989818670235,0.6323323565015603,0.35341564,2,False,
4RFT,I,2_2,True,14.85180950164795,91.3957010599128,0.4091989818670235,0.6323323565015603,0.35341564,5,False,
4RFT,I,1,False,0.8621323108673096,94.88357159768064,,,,1,False,
7KQ5,I,hf,True,0.7072327136993408,84.14589465902125,0.5949821960871174,0.6556999742710363,0.57980275,3,False,
7KQ5,I,3,True,0.7600163221359253,90.91049560471733,0.6755916764582248,0.754192913693712,0.65594137,3,False,
7KQ5,I,2_1,True,0.7590538859367371,96.59211948034944,0.9080603380888812,0.9059764245600072,0.9085813,3,True,0.0193561445921659
7KQ5,I,2_2,True,20.006290435791016,96.59211948034944,0.9080603380888812,0.9059764245600072,0.9085813,5,True,0.0193561445921659
7KQ5,I,1,False,0.9312875866889954,94.0520931600314,,,,1,False,
4Y5Z,I,hf,True,0.4445734620094299,96.91883667836964,0.9523769096389336,0.9574321289136616,0.9511131,5,True,0.0308788083493709
4Y5Z,I,3,True,16.416013717651367,92.02349310082396,0.8050881467523098,0.8510795048186774,0.7935903,2,False,
4Y5Z,I,2_1,True,0.9490829110145568,96.36462512644148,0.8751697806284063,0.901548518620547,0.8685751,2,False,
4Y5Z,I,2_2,True,21.17511749267578,96.36462512644148,0.8751697806284063,0.901548518620547,0.8685751,3,False,
4Y5Z,I,1,False,0.5818014144897461,97.05111155202664,,,,1,False,
7BOJ,I,hf,True,0.9528551697731018,89.18925472224677,0.7027354300550707,0.7443247142096792,0.6923381,5,False,
7BOJ,I,3,True,0.8866075873374939,91.6034473956332,0.6470381131393719,0.7305919481431483,0.62614965,3,False,
7BOJ,I,2_1,True,0.8046287894248962,97.22265059900216,0.8910368853886361,0.8890645176566816,0.89153,2,False,
7BOJ,I,2_2,True,20.55071830749512,97.22265059900216,0.8910368853886361,0.8890645176566816,0.89153,3,False,
7BOJ,I,1,False,0.826661229133606,96.1363457310696,,,,1,False,
6WFU,I,hf,True,1.4003305435180664,68.14732841355459,0.5262526912619507,0.5946733569750366,0.5091475,3,False,
6WFU,I,3,True,0.941612422466278,77.04443317421853,0.6602929680736143,0.7262843098199758,0.64379513,2,False,
6WFU,I,2_1,True,2.7122340202331543,84.10193767502953,0.7476173815249434,0.7884695217604595,0.73740435,5,False,
6WFU,I,2_2,True,4.645496368408203,84.10193767502953,0.7476173815249434,0.7884695217604595,0.73740435,5,False,
6WFU,I,1,False,1.047897458076477,94.43360194856872,,,,1,False,
1A6C,I,hf,True,3.43048357963562,78.99802864527399,0.6941841675169904,0.7254474527277746,0.68636835,5,False,
1A6C,I,3,True,12.823663711547852,79.13942217151141,0.4839676471280093,0.6006917217011426,0.45478663,5,False,
1A6C,I,2_1,True,23.93347549438477,86.68284298310792,0.6447730886990909,0.7690886795794388,0.6136942,5,False,
1A6C,I,2_2,True,16.793344497680664,86.68284298310792,0.6447730886990909,0.7690886795794388,0.6136942,5,False,
1A6C,I,1,False,3.3467040061950684,89.62715563760271,,,,1,False,
7L0X,I,hf,True,2.5003979206085205,70.71051565422691,0.6077549933723653,0.6620359417458591,0.59418476,5,False,
7L0X,I,3,True,1.4076554775238037,82.5228462255775,0.7704494297301538,0.8023439942775997,0.7624758,2,False,
7L0X,I,2_1,True,1.9100226163864136,85.36680740380389,0.7421077506586715,0.8028324926122046,0.72692657,2,False,
7L0X,I,2_2,True,2.825960874557495,85.36680740380389,0.7421077506586715,0.8028324926122046,0.72692657,5,False,
7L0X,I,1,False,2.218942403793335,93.16552930946447,,,,1,False,
7KP3,I,hf,True,3.0416624546051025,69.29988924658925,0.5624833008572803,0.6263079151140378,0.54652715,5,False,
7KP3,I,3,True,1.00878643989563,76.4904611487371,0.5504200645957086,0.6518646223712428,0.5250589,3,False,
7KP3,I,2_1,True,2.6031057834625244,82.25763446384394,0.2929131456690806,0.5430582505850882,0.23037687,5,False,
7KP3,I,2_2,True,4.158603191375732,82.25763446384394,0.2929131456690806,0.5430582505850882,0.23037687,5,False,
7KP3,I,1,False,0.8826459050178528,94.83549023911154,,,,1,False,
7L0Y,I,hf,True,2.71651291847229,70.98418686963711,0.5812617006370466,0.6377180528983677,0.5671476,5,False,
7L0Y,I,3,True,1.7592960596084597,80.95516749388452,0.7677806172210548,0.8017298149260746,0.7592933,2,False,
7L0Y,I,2_1,True,2.7241642475128174,83.25228692025881,0.7304750216847626,0.7890905205637053,0.71582115,2,False,
7L0Y,I,2_2,True,5.026629447937012,83.25228692025881,0.7304750216847626,0.7890905205637053,0.71582115,5,False,
7L0Y,I,1,False,3.821974515914917,89.43726458225458,,,,1,False,
6E2R,I,hf,True,0.9194623231887816,84.07785839726579,0.6816245759968764,0.728100401880744,0.6700056,5,False,
6E2R,I,3,True,0.459367424249649,92.03318087429038,0.8396965132368143,0.8688734105291639,0.8324023,3,False,
6E2R,I,2_1,True,1.0965819358825684,91.393031951718,0.5813918581834323,0.7313916639640364,0.5438919,5,False,
6E2R,I,2_2,True,1.3320515155792236,91.393031951718,0.5813918581834323,0.7313916639640364,0.5438919,5,False,
6E2R,I,1,False,1.3090277910232544,89.16758634275963,,,,1,False,
7NO0,I,hf,True,2.4055793285369877,85.55433181958458,0.6606659044228667,0.6953632419746172,0.6527358,5,False,
7NO0,I,3,True,13.768217086791992,81.47578876009084,0.314264768731782,0.4003745037922717,0.29273733,5,False,
7NO0,I,2_1,True,13.68209743499756,87.01015120063947,0.3659614534014138,0.4062015865413709,0.35590142,2,False,
7NO0,I,2_2,True,15.489689826965332,87.01015120063947,0.3659614534014138,0.4062015865413709,0.35590142,5,False,
7NO0,I,1,False,1.9252346754074097,91.65525607001092,,,,1,False,
6JJA,I,hf,True,20.43608665466309,40.491692065253766,0.1569030304634422,0.2217369558623703,0.1410517,3,False,
6JJA,I,3,True,18.910564422607425,47.540841039252456,0.1591726655248429,0.3012424680012593,0.123655215,3,False,
6JJA,I,2_1,True,23.904266357421875,50.274331578191926,0.1772907516157106,0.3721950753507397,0.12856467,2,False,
6JJA,I,2_2,True,18.839563369750977,50.274331578191926,0.1772907516157106,0.3721950753507397,0.12856467,5,False,
6JJA,I,1,False,14.848695755004885,66.77018832453179,,,,1,False,
7LNK,I,hf,True,1.8027418851852417,73.50119365412564,0.6057562893226514,0.6626005498542233,0.5915452,5,False,
7LNK,I,3,True,0.5649304986000061,84.89552177519215,0.7546292899548298,0.7993429295715122,0.7434509,2,False,
7LNK,I,2_1,True,1.9220240116119385,88.47797911582659,0.7542864012001093,0.8096993800392428,0.74043316,5,False,
7LNK,I,2_2,True,3.1827564239501958,88.47797911582659,0.7542864012001093,0.8096993800392428,0.74043316,5,False,
7LNK,I,1,False,0.8885128498077393,93.2662056003807,,,,1,False,
4V4M,I,hf,True,1.322302222251892,93.43320357019788,0.9037616340860976,0.912285133473701,0.90163076,5,True,0.0460844859480857
4V4M,I,3,True,21.91556739807129,92.28685146435367,0.8084294260273462,0.844063014154675,0.799521,5,False,
4V4M,I,2_1,True,24.1023063659668,89.19640966134406,0.5135330066290259,0.6910566614105099,0.4691521,3,False,
4V4M,I,2_2,True,20.65690422058105,89.19640966134406,0.5135330066290259,0.6910566614105099,0.4691521,3,False,
4V4M,I,1,False,0.6326780319213867,95.17047027602182,,,,1,False,
1C2Y,I,hf,True,0.7696877717971802,96.01433569424132,0.9494216842011488,0.953435382523078,0.94841826,5,True,0.02075813151896
1C2Y,I,3,True,16.552339553833008,95.18053677304862,0.9092245693833592,0.92401152642119,0.90552783,5,False,
1C2Y,I,2_1,True,18.502147674560547,93.01396189209622,0.8202806513292198,0.8638975822839163,0.8093764,5,False,
1C2Y,I,2_2,True,16.47332000732422,93.01396189209622,0.8202806513292198,0.8638975822839163,0.8093764,5,False,
1C2Y,I,1,False,0.893875777721405,96.06620237106584,,,,1,False,
7LTM,I,hf,True,2.0383410453796387,74.1543739026072,0.5231271301889958,0.5977838214161706,0.50446296,5,False,
7LTM,I,3,True,0.4942322373390198,83.65323573025003,0.715429026554835,0.773861918205083,0.7008208,3,False,
7LTM,I,2_1,True,0.868310809135437,87.81026750235523,0.5742838880342527,0.7209584816904282,0.53761524,2,False,
7LTM,I,2_2,True,19.26638984680176,87.81026750235523,0.5742838880342527,0.7209584816904282,0.53761524,3,False,
7LTM,I,1,False,0.5091099739074707,97.45070856387984,,,,1,False,
6WH3,I,hf,True,31.24233055114746,28.76902962372523,0.1612650612333431,0.1910201208487225,0.1538263,5,False,
6WH3,I,3,True,33.40989303588867,27.292640555219148,0.1216630574885018,0.1661992057278791,0.11052902,5,False,
6WH3,I,2_1,True,32.39396667480469,26.746736310883357,0.0967420357983873,0.1498978138616744,0.08871794,2,False,
6WH3,I,2_2,True,31.62030601501465,26.746736310883357,0.0967420357983873,0.1498978138616744,0.08871794,5,False,
6WH3,I,1,False,27.441354751586918,28.466747969319616,,,,1,False,
7MTZ,I,hf,True,1.7991063594818115,71.45443598467918,0.5823722074362849,0.6443572987781045,0.56687593,3,False,
7MTZ,I,3,True,0.76296067237854,83.55671382376153,0.7406370328918555,0.7857943410950188,0.7293477,3,False,
7MTZ,I,2_1,True,1.1763169765472412,88.29793998476428,0.7679861998680283,0.8206610561028364,0.7548175,2,False,
7MTZ,I,2_2,True,3.2855653762817383,88.29793998476428,0.7679861998680283,0.8206610561028364,0.7548175,5,False,
7MTZ,I,1,False,1.001412034034729,96.82981457548864,,,,1,False,
1DNV,I,hf,True,6.979228973388672,60.10151612647515,0.3671353797305118,0.441094507867342,0.3486456,3,False,
1DNV,I,3,True,6.856446266174316,71.08215739642245,0.6217597506887339,0.6931974999341478,0.6039003,3,False,
1DNV,I,2_1,True,7.901318073272705,70.34354965794519,0.3588345409503349,0.5594033604218406,0.30869234,3,False,
1DNV,I,2_2,True,16.226512908935547,70.34354965794519,0.3588345409503349,0.5594033604218406,0.30869234,5,False,
1DNV,I,1,False,6.867587566375732,82.29468600355624,,,,1,False,
4OQ8,I,hf,True,14.273143768310549,53.593837025170494,0.2669789112659786,0.3578547423345316,0.24425995,5,False,
4OQ8,I,3,True,17.501155853271484,49.70163422960778,0.4604392929323434,0.5214911319056744,0.44517633,5,False,
4OQ8,I,2_1,True,16.89088249206543,69.47985834413868,0.2553941304010605,0.4983425411196822,0.20328793,5,False,
4OQ8,I,2_2,True,17.938119888305664,69.47985834413868,0.2553941304010605,0.4983425411196822,0.20328793,5,False,
4OQ8,I,1,False,12.216845512390137,53.91899708432579,,,,1,False,
1RWT,I,hf,True,15.322582244873049,67.14839142713836,0.1982684741471095,0.3112834145893075,0.17001474,5,False,
1RWT,I,3,True,8.479626655578613,70.06098751554774,0.1780046262269174,0.352275797414023,0.13460049,3,False,
1RWT,I,2_1,True,6.813202381134033,75.5309888809257,0.3929615001381189,0.5825724884597343,0.3462525,5,False,
1RWT,I,2_2,True,11.541559219360352,75.5309888809257,0.3929615001381189,0.5825724884597343,0.3462525,5,False,
1RWT,I,1,False,1.099757432937622,91.85162842492572,,,,1,False,
2DF7,I,hf,True,1.5307121276855469,79.19870591086504,0.5195350328252447,0.5941437081325712,0.50088286,5,False,
2DF7,I,3,True,13.062517166137695,96.56540895301885,0.9644295515885216,0.9671441625904348,0.9637509,5,True,0.0258428677916526
2DF7,I,2_1,True,1.6364178657531738,95.78782015189516,0.9331887823604632,0.944094947111153,0.93046224,5,False,
2DF7,I,2_2,True,18.23586654663086,95.78782015189516,0.9331887823604632,0.944094947111153,0.93046224,5,False,
2DF7,I,1,False,1.8293029069900515,86.91388416832754,,,,1,False,
7OTT,I,hf,True,1.2969108819961548,84.27063892317962,0.5476281124997546,0.6165303978564388,0.53040254,5,False,
7OTT,I,3,True,1.048418641090393,96.06471140683593,0.9371054614529734,0.945294839613499,0.9350581,5,True,0.0210571959614753
7OTT,I,2_1,True,1.319406270980835,94.33354639100588,0.7861435485187402,0.8568091751651119,0.76847714,5,False,
7OTT,I,2_2,True,1.6690914630889893,94.33354639100588,0.7861435485187402,0.8568091751651119,0.76847714,5,False,
7OTT,I,1,False,1.117626070976257,95.88818934079016,,,,1,False,
3ZXA,I,hf,True,7.222025871276855,75.39584718936393,0.4032733675457359,0.4695308191663623,0.386709,5,False,
3ZXA,I,3,True,5.804956436157227,77.17986187487564,0.326352248184111,0.4369708776087874,0.2986976,5,False,
3ZXA,I,2_1,True,3.549851894378662,83.27008960135615,0.5633296058621408,0.627014898283482,0.5474083,5,False,
3ZXA,I,2_2,True,25.57467269897461,83.27008960135615,0.5633296058621408,0.627014898283482,0.5474083,5,False,
3ZXA,I,1,False,3.062819004058838,91.75625682175604,,,,1,False,
1T0T,I,hf,True,0.8968113660812378,96.42056855872694,0.9542342849998244,0.958179329051856,0.953248,3,True,0.022805007174611
1T0T,I,3,True,23.65483283996582,95.46309879865083,0.8788091618639997,0.9040407929930936,0.87250125,3,False,
1T0T,I,2_1,True,20.36777114868164,93.5273378503437,0.569136959213186,0.7401018435665402,0.52639574,3,False,
1T0T,I,2_2,True,30.783052444458008,93.5273378503437,0.569136959213186,0.7401018435665402,0.52639574,3,False,
1T0T,I,1,False,0.8384131193161011,95.9740591190292,,,,1,False,
1X36,I,hf,True,0.7169820070266724,95.21545380856774,0.935940634082565,0.9431895557582836,0.9341284,5,True,0.0318060666322708
1X36,I,3,True,2.133354663848877,90.24449449845976,0.7836495771524445,0.8355285597429354,0.77067983,5,False,
1X36,I,2_1,True,0.5740298628807068,95.4253942455136,0.8613725680850406,0.893370399247835,0.8533731,2,False,
1X36,I,2_2,True,3.628688335418701,95.4253942455136,0.8613725680850406,0.893370399247835,0.8533731,5,False,
1X36,I,1,False,0.568466067314148,96.5070426051752,,,,1,False,
1STM,I,hf,True,2.626088380813598,69.15824497692705,0.3593710114292127,0.4502975591678528,0.33663937,5,False,
1STM,I,3,True,14.569146156311035,70.3486863765938,0.1935869205733288,0.3932343665461486,0.14367506,3,False,
1STM,I,2_1,True,14.077805519104004,73.94571967749066,0.2639917569131266,0.5308704161498002,0.19727209,3,False,
1STM,I,2_2,True,14.602357864379885,73.94571967749066,0.2639917569131266,0.5308704161498002,0.19727209,3,False,
1STM,I,1,False,2.484466314315796,86.71058441950686,,,,1,False,
3NQ4,I,hf,True,0.4485492706298828,97.24803015932056,0.9416354259243432,0.9470587176038932,0.9402796,5,True,0.0245877783745527
3NQ4,I,3,True,13.229649543762209,95.466924895187,0.8621852622623177,0.891182296571598,0.854936,5,False,
3NQ4,I,2_1,True,14.908684730529783,95.08557528033069,0.7777289275169819,0.8514446635248505,0.7593,5,False,
3NQ4,I,2_2,True,12.279763221740724,95.08557528033069,0.7777289275169819,0.8514446635248505,0.7593,5,False,
3NQ4,I,1,False,0.4600263237953186,98.08552195333748,,,,1,False,
5J37,I,hf,True,3.319434881210327,70.73247723090954,0.5233469979410224,0.5862107358598969,0.50763106,5,False,
5J37,I,3,True,2.5390985012054443,73.12136848324361,0.263952439882172,0.4329374723524496,0.22170618,5,False,
5J37,I,2_1,True,2.616006851196289,74.70653394319369,0.2583397103140915,0.5191727642169417,0.19313145,5,False,
5J37,I,2_2,True,4.901594161987305,74.70653394319369,0.2583397103140915,0.5191727642169417,0.19313145,5,False,
5J37,I,1,False,2.3375184535980225,87.0204614543168,,,,1,False,
6I9G,I,hf,True,1.5827919244766235,90.24244261784492,0.6810110351353571,0.7285660609154327,0.6691223,5,False,
6I9G,I,3,True,1.714640498161316,91.5601337801371,0.647740121695631,0.7349321644168754,0.6259421,5,False,
6I9G,I,2_1,True,1.6273492574691772,96.49043303297982,0.8971759909020338,0.8978969248791188,0.8983334,2,False,
6I9G,I,2_2,True,20.41927146911621,96.49043303297982,0.8971759909020338,0.8978969248791188,0.8983334,3,False,
6I9G,I,1,False,0.7401870489120483,95.51297797772229,,,,1,False,
1JH5,I,hf,True,8.958846092224121,89.69869767599538,0.4858601793175748,0.5670326871304767,0.46556705,5,False,
1JH5,I,3,True,0.4677215218544006,97.70343817544406,0.95288760181487,0.9576114175826504,0.95171815,5,True,0.0193264838308095
1JH5,I,2_1,True,11.985441207885742,96.12113084690502,0.8240934407484523,0.8775036512672858,0.8107409,5,False,
1JH5,I,2_2,True,6.235503196716309,96.12113084690502,0.8240934407484523,0.8775036512672858,0.8107409,5,False,
1JH5,I,1,False,0.5153182744979858,96.5256538795526,,,,1,False,
7ODW,I,hf,True,1.9730497598648071,87.72306234805532,0.5512196391924122,0.6125699729243417,0.53588206,5,False,
7ODW,I,3,True,1.4068095684051514,87.90400066152247,0.4172918566728723,0.5588846249705016,0.38189366,5,False,
7ODW,I,2_1,True,1.6375374794006348,95.69756318642902,0.8911718503225329,0.8992667871656427,0.8914245,2,False,
7ODW,I,2_2,True,4.760462284088135,95.69756318642902,0.8911718503225329,0.8992667871656427,0.8914245,5,False,
7ODW,I,1,False,1.1245735883712769,95.24421976171146,,,,1,False,
2WQT,I,hf,True,0.9210572242736816,97.06874777520372,0.94318801029803,0.948885970527016,0.9417635,5,True,0.0225123669952154
2WQT,I,3,True,25.544116973876957,96.7519863724103,0.907695118462534,0.9258471323822496,0.9031571,5,False,
2WQT,I,2_1,True,21.18782997131348,96.71376434537122,0.8488157613097556,0.8981682573849592,0.83647764,5,False,
2WQT,I,2_2,True,35.00265884399414,96.71376434537122,0.8488157613097556,0.8981682573849592,0.83647764,5,False,
2WQT,I,1,False,0.6915701031684875,97.28343853711068,,,,1,False,
7U96,I,hf,True,2.7686960697174072,70.06246537977289,0.4988075290305061,0.572307365230045,0.48043257,5,False,
7U96,I,3,True,1.0706855058670044,75.72077203279015,0.6186474790766989,0.698214526273387,0.5987557,3,False,
7U96,I,2_1,True,3.237769603729248,80.40970770138807,0.3083948660159123,0.5525204779028953,0.24736346,5,False,
7U96,I,2_2,True,4.4730377197265625,80.40970770138807,0.3083948660159123,0.5525204779028953,0.24736346,5,False,
7U96,I,1,False,1.1025042533874512,94.7084110944872,,,,1,False,
6ZLO,I,hf,True,2.681797981262207,80.98382463479892,0.4665872819416761,0.5500745809043643,0.44571546,5,False,
6ZLO,I,3,True,0.6062610745429993,95.86920855979344,0.9463786928619552,0.950581713897788,0.94532794,5,True,0.0200305413454771
6ZLO,I,2_1,True,2.7300398349761963,94.45007884912884,0.8820816108082923,0.9055445534463684,0.8762159,5,False,
6ZLO,I,2_2,True,4.687531471252441,94.45007884912884,0.8820816108082923,0.9055445534463684,0.8762159,5,False,
6ZLO,I,1,False,0.6896810531616211,94.83323484392854,,,,1,False,
3R0R,I,hf,True,2.8193085193634038,79.86998354399402,0.7546796187527232,0.7831122203505294,0.74757147,5,False,
3R0R,I,3,True,19.02509307861328,71.22449705985485,0.2389705678478736,0.4117716653425787,0.1957703,3,False,
3R0R,I,2_1,True,3.2982401847839355,80.38242526668691,0.6858475217307122,0.7554922149005087,0.66843635,2,False,
3R0R,I,2_2,True,23.03814697265625,80.38242526668691,0.6858475217307122,0.7554922149005087,0.66843635,3,False,
3R0R,I,1,False,1.5025969743728638,88.98450685217844,,,,1,False,
3N7X,I,hf,True,25.53339195251465,31.762071776000475,0.1497309747644611,0.199673505280588,0.13859344,2,False,
3N7X,I,3,True,24.520998001098636,33.95779320035728,0.1281002663660755,0.2198547239545538,0.111250505,2,False,
3N7X,I,2_1,True,22.613466262817383,40.647947342478666,0.1340232390862269,0.3211308214572882,0.089671955,3,False,
3N7X,I,2_2,True,27.275545120239254,40.647947342478666,0.1340232390862269,0.3211308214572882,0.089671955,5,False,
3N7X,I,1,False,16.5626163482666,46.153062678910366,,,,1,False,
1RVV,I,hf,True,0.4989299476146698,97.06309463937768,0.9464933990788228,0.9507606622337126,0.9454266,5,True,0.0222233664244413
1RVV,I,3,True,16.128427505493164,95.91118023256352,0.8953905472984179,0.9148523260306632,0.8905251,3,False,
1RVV,I,2_1,True,18.23712158203125,95.16255979799809,0.7879128258668218,0.8546909298712182,0.7712183,3,False,
1RVV,I,2_2,True,16.15989112854004,95.16255979799809,0.7879128258668218,0.8546909298712182,0.7712183,3,False,
1RVV,I,1,False,0.4472191929817199,97.52742280355687,,,,1,False,
1VEI,T,hf,True,1.6161339282989502,93.09170232937429,0.8034731496710579,0.845660025546451,0.79292643,3,False,
1VEI,T,3,True,1.545536756515503,93.09170232937429,0.8034731496710579,0.845660025546451,0.79292643,3,False,
1VEI,T,2_1,True,1.5052515268325806,93.81083887394249,0.9105679606657702,0.918051051726678,0.9086972,2,True,0.0199474152177572
1VEI,T,2_2,True,9.436548233032228,93.81083887394249,0.9105679606657702,0.918051051726678,0.9086972,3,True,0.0199474152177572
1VEI,T,1,False,1.4609650373458862,96.80219864104888,,,,1,False,
3FDD,T,hf,True,3.250315427780152,88.86213178039856,0.510080683537233,0.64096230421418,0.47736028,3,False,
3FDD,T,3,True,6.798952579498291,88.86213178039856,0.510080683537233,0.64096230421418,0.47736028,3,False,
3FDD,T,2_1,True,0.6009911894798279,95.71211956172954,0.9599963139708606,0.962261330549375,0.95946115,2,True,0.015484282746911
3FDD,T,2_2,True,16.617395401000977,95.71211956172954,0.9599963139708606,0.962261330549375,0.95946115,3,True,0.015484282746911
3FDD,T,1,False,0.601399302482605,95.96753593765692,,,,1,False,
6M8V,T,hf,True,0.6044818162918091,90.79098641738128,0.611497110484105,0.70737597524157,0.5875274,3,False,
6M8V,T,3,True,0.4581634104251861,90.79098641738128,0.611497110484105,0.70737597524157,0.5875274,3,False,
6M8V,T,2_1,True,0.4007323384284973,97.55655724733224,0.9337509540860914,0.9405235312418544,0.9324049,2,True,0.0089978743344545
6M8V,T,2_2,True,11.946307182312012,97.55655724733224,0.9337509540860914,0.9405235312418544,0.9324049,3,True,0.0089978743344545
6M8V,T,1,False,0.3818012177944183,97.67416517380823,,,,1,False,
2ILT,T,hf,True,12.934961318969728,92.04773671453724,0.6959906791466077,0.7689038390008607,0.6777624,3,False,
2ILT,T,3,True,15.873130798339844,92.04773671453724,0.6959906791466077,0.7689038390008607,0.6777624,3,False,
2ILT,T,2_1,True,6.402753829956055,94.62463484430047,0.9352722993594416,0.938561852326993,0.9344499,2,True,0.0590774416923522
2ILT,T,2_2,True,22.721742630004883,94.62463484430047,0.9352722993594416,0.938561852326993,0.9344499,3,True,0.0590774416923522
2ILT,T,1,False,6.378975868225098,95.06182948714174,,,,1,False,
6HSB,T,hf,True,1.0705097913742063,95.28659345491404,0.930088794994426,0.9380943217281108,0.9280874,3,True,0.0189234260469675
6HSB,T,3,True,17.97540855407715,95.28659345491404,0.930088794994426,0.9380943217281108,0.9280874,3,True,0.0189234260469675
6HSB,T,2_1,True,1.1983673572540283,94.65666968078996,0.8965147750479187,0.9119802797348324,0.8926484,2,False,
6HSB,T,2_2,True,19.970813751220703,94.65666968078996,0.8965147750479187,0.9119802797348324,0.8926484,3,False,
6HSB,T,1,False,0.8628302216529846,95.94172864220594,,,,1,False,
1RO5,T,hf,True,18.11913299560547,82.85660779748058,0.3929620476626034,0.544329510163603,0.35512018,3,False,
1RO5,T,3,True,7.653768062591553,82.85660779748058,0.3929620476626034,0.544329510163603,0.35512018,3,False,
1RO5,T,2_1,True,15.77313232421875,92.71679470807685,0.8905579612067032,0.9034691082490915,0.8873302,3,False,
1RO5,T,2_2,True,17.854053497314453,92.71679470807685,0.8905579612067032,0.9034691082490915,0.8873302,3,False,
1RO5,T,1,False,1.420387625694275,92.42326928911186,,,,1,False,
4CY9,T,hf,True,1.2167620658874512,86.4865364648639,0.494184682066377,0.621610151207129,0.4623283,3,False,
4CY9,T,3,True,1.0236104726791382,86.4865364648639,0.494184682066377,0.621610151207129,0.4623283,3,False,
4CY9,T,2_1,True,0.5982342958450317,95.49908108879576,0.9252016016714596,0.9303834184372544,0.92390615,2,True,0.0158325061202049
4CY9,T,2_2,True,14.622694969177246,95.49908108879576,0.9252016016714596,0.9303834184372544,0.92390615,3,True,0.0158325061202049
4CY9,T,1,False,0.4271484315395355,97.60921813978014,,,,1,False,
4EVE,T,hf,True,0.6965716481208801,88.61476572096075,0.4412579370290465,0.5869022969158622,0.40484685,3,False,
4EVE,T,3,True,0.7461584806442261,88.61476572096075,0.4412579370290465,0.5869022969158622,0.40484685,3,False,
4EVE,T,2_1,True,0.6553574800491333,98.2789128443934,0.9258085802132104,0.9410832300455438,0.9219899,2,True,0.0109908273443579
4EVE,T,2_2,True,11.85787296295166,98.2789128443934,0.9258085802132104,0.9410832300455438,0.9219899,3,True,0.0109908273443579
4EVE,T,1,False,0.8233683109283447,98.13005409527264,,,,1,False,
1DXH,T,hf,True,0.8071883320808411,94.31260629077764,0.934312862422834,0.941779585017612,0.9324462,3,True,0.0236932542175054
1DXH,T,3,True,22.60344123840332,94.31260629077764,0.934312862422834,0.941779585017612,0.9324462,2,True,0.0236932542175054
1DXH,T,2_1,True,22.673938751220703,92.75830684744056,0.8604391592269909,0.8808472243576102,0.85533714,3,False,
1DXH,T,2_2,True,22.020648956298828,92.75830684744056,0.8604391592269909,0.8808472243576102,0.85533714,2,False,
1DXH,T,1,False,1.0689347982406616,95.84835208485228,,,,1,False,
4DCL,T,hf,True,0.2934355735778808,98.4900034612044,0.9642425480218136,0.9680032445646342,0.9633394,3,True,0.0145354196429252
4DCL,T,3,True,24.237579345703125,98.4900034612044,0.9642425480218136,0.9680032445646342,0.9633394,3,True,0.0145354196429252
4DCL,T,2_1,True,22.710092544555664,98.54308493766877,0.9527278412161732,0.9585373345903868,0.95127547,3,False,
4DCL,T,2_2,True,25.455581665039062,98.54308493766877,0.9527278412161732,0.9585373345903868,0.95127547,3,False,
4DCL,T,1,False,0.3575654327869415,98.11234261571174,,,,1,False,
2W8P,T,hf,True,29.689903259277344,97.16687710159948,0.947784534269508,0.9549804487523256,0.94598556,2,False,
2W8P,T,3,True,27.054168701171875,97.16687710159948,0.947784534269508,0.9549804487523256,0.94598556,3,False,
2W8P,T,2_1,True,0.8116834163665771,97.6515911508096,0.9535337438883162,0.9574673129626994,0.95255035,2,True,0.0125391352921724
2W8P,T,2_2,True,36.67314529418945,97.6515911508096,0.9535337438883162,0.9574673129626994,0.95255035,2,True,0.0125391352921724
2W8P,T,1,False,0.8117766976356506,97.55758507874828,,,,1,False,
6S2O,T,hf,True,14.196563720703123,74.12991806234241,0.7882819027136208,0.8050827237121467,0.7840817,3,False,
6S2O,T,3,True,29.627626419067383,74.12991806234241,0.7882819027136208,0.8050827237121467,0.7840817,3,False,
6S2O,T,2_1,True,32.15752410888672,69.09392206543993,0.5192539987653949,0.6177617598029268,0.49462706,2,False,
6S2O,T,2_2,True,32.31552505493164,69.09392206543993,0.5192539987653949,0.6177617598029268,0.49462706,2,False,
6S2O,T,1,False,13.27524471282959,85.29102875788936,,,,1,False,
4ZAV,T,hf,True,1.511704444885254,87.26370242763385,0.5438401216739405,0.6572089167803468,0.5154979,3,False,
4ZAV,T,3,True,1.5640435218811035,87.26370242763385,0.5438401216739405,0.6572089167803468,0.5154979,3,False,
4ZAV,T,2_1,True,1.4669731855392456,94.41796514187082,0.9153073235155662,0.9222774127133287,0.9135648,3,True,0.0239404384046793
4ZAV,T,2_2,True,12.975427627563477,94.41796514187082,0.9153073235155662,0.9222774127133287,0.9135648,3,True,0.0239404384046793
4ZAV,T,1,False,1.369468092918396,95.65816528507864,,,,1,False,
2FKA,T,hf,True,7.902184009552002,84.7518682392611,0.1362375892369147,0.3681827372154576,0.0782513,2,False,
2FKA,T,3,True,17.119277954101562,84.7518682392611,0.1362375892369147,0.3681827372154576,0.0782513,3,False,
2FKA,T,2_1,True,12.779751777648926,89.96820262473031,0.3616737556945329,0.6105700495297934,0.29944968,3,False,
2FKA,T,2_2,True,19.1142520904541,89.96820262473031,0.3616737556945329,0.6105700495297934,0.29944968,3,False,
2FKA,T,1,False,0.3180549144744873,97.31620302325952,,,,1,False,
5YRC,T,hf,True,0.2527819275856018,98.2297978180576,0.9560049245240136,0.9581881510624504,0.9554591,3,True,0.0183735489845275
5YRC,T,3,True,26.919307708740234,98.2297978180576,0.9560049245240136,0.9581881510624504,0.9554591,2,True,0.0183735489845275
5YRC,T,2_1,True,26.792680740356445,96.06918742502208,0.8573628364979556,0.8983828718360912,0.8471078,3,False,
5YRC,T,2_2,True,26.856616973876957,96.06918742502208,0.8573628364979556,0.8983828718360912,0.8471078,2,False,
5YRC,T,1,False,0.2553020715713501,97.61254462063934,,,,1,False,
2QQY,T,hf,True,2.6333515644073486,85.82625343246923,0.3667018429527036,0.5334826787756639,0.32500663,3,False,
2QQY,T,3,True,2.2548694610595703,85.82625343246923,0.3667018429527036,0.5334826787756639,0.32500663,3,False,
2QQY,T,2_1,True,0.6909540295600891,97.73327432006576,0.9364044077465694,0.9440586006987894,0.93449086,2,True,0.0103617291897535
2QQY,T,2_2,True,13.132888793945312,97.73327432006576,0.9364044077465694,0.9440586006987894,0.93449086,3,True,0.0103617291897535
2QQY,T,1,False,0.4288758933544159,98.03103948032528,,,,1,False,
4RHF,T,hf,True,2.963974475860596,90.71065327298936,0.6270978813147189,0.7259516143677837,0.60238445,3,False,
4RHF,T,3,True,2.9649205207824707,90.71065327298936,0.6270978813147189,0.7259516143677837,0.60238445,3,False,
4RHF,T,2_1,True,2.943379640579224,96.83732220130634,0.9302194067788816,0.9398667558792706,0.92780757,3,True,0.0125306211411952
4RHF,T,2_2,True,11.958560943603516,96.83732220130634,0.9302194067788816,0.9398667558792706,0.92780757,3,True,0.0125306211411952
4RHF,T,1,False,2.905606508255005,97.24878804850724,,,,1,False,
1VHE,T,hf,True,1.9507806301116943,90.29399533745465,0.8598161057723841,0.8870264669722717,0.8530135,3,False,
1VHE,T,3,True,1.9890451431274412,90.29399533745465,0.8598161057723841,0.8870264669722717,0.8530135,3,False,
1VHE,T,2_1,True,1.9224313497543333,95.46338801569722,0.9289094073044744,0.9316565518790476,0.928487,3,True,0.019475981593132
1VHE,T,2_2,True,19.72319602966309,95.46338801569722,0.9289094073044744,0.9316565518790476,0.928487,3,True,0.019475981593132
1VHE,T,1,False,0.889899730682373,96.49577354028423,,,,1,False,
6TB5,T,hf,True,15.215410232543944,87.90819121875202,0.4744985259517819,0.6123973910733012,0.4400238,3,False,
6TB5,T,3,True,0.9320110082626344,87.90819121875202,0.4744985259517819,0.6123973910733012,0.4400238,3,False,
6TB5,T,2_1,True,0.5661354660987854,93.03971973384536,0.8731182748838601,0.8844194908668812,0.8707489,3,False,
6TB5,T,2_2,True,12.76861572265625,93.03971973384536,0.8731182748838601,0.8844194908668812,0.8707489,3,False,
6TB5,T,1,False,4.571323394775391,94.52782475604616,,,,1,False,
3LEO,T,hf,True,0.7718133926391602,95.95479095748624,0.944580363587298,0.9481458631940588,0.943689,3,True,0.0236538890749216
3LEO,T,3,True,28.738529205322266,95.95479095748624,0.944580363587298,0.9481458631940588,0.943689,2,True,0.0236538890749216
3LEO,T,2_1,True,29.900007247924805,94.24273955391158,0.8063164370201311,0.8600762570611047,0.7928765,2,False,
3LEO,T,2_2,True,28.25369453430176,94.24273955391158,0.8063164370201311,0.8600762570611047,0.7928765,2,False,
3LEO,T,1,False,1.2908443212509155,95.7942087066996,,,,1,False,
2CC9,T,hf,True,0.3890257775783539,98.14542563855382,0.934905121093124,0.9413004982726264,0.9333063,3,True,0.0207975711673498
2CC9,T,3,True,10.975540161132812,98.14542563855382,0.934905121093124,0.9413004982726264,0.9333063,2,True,0.0207975711673498
2CC9,T,2_1,True,14.253217697143556,94.49155093309484,0.833338386086315,0.8621141029779618,0.82614446,3,False,
2CC9,T,2_2,True,16.004257202148438,94.49155093309484,0.833338386086315,0.8621141029779618,0.82614446,3,False,
2CC9,T,1,False,0.4780782461166382,97.71752719756124,,,,1,False,
2CF4,T,hf,True,2.5448663234710693,88.35028180016559,0.5258923487276901,0.6477957747434919,0.4954165,3,False,
2CF4,T,3,True,2.870924949645996,88.35028180016559,0.5258923487276901,0.6477957747434919,0.4954165,3,False,
2CF4,T,2_1,True,0.9170189499855042,95.6882704158545,0.9405019153219616,0.9426695650131276,0.93996,2,True,0.0133217982947826
2CF4,T,2_2,True,13.502012252807615,95.6882704158545,0.9405019153219616,0.9426695650131276,0.93996,3,True,0.0133217982947826
2CF4,T,1,False,0.923050820827484,96.62237079362862,,,,1,False,
3N76,T,hf,True,0.6046329140663147,94.5381935752586,0.8437203434200922,0.8742704526046108,0.8360828,3,False,
3N76,T,3,True,0.8466734886169434,94.5381935752586,0.8437203434200922,0.8742704526046108,0.8360828,3,False,
3N76,T,2_1,True,0.6174535751342773,96.63024243078992,0.937956275008008,0.9441859198703616,0.93639886,2,True,0.0133631154894828
3N76,T,2_2,True,13.11841106414795,96.63024243078992,0.937956275008008,0.9441859198703616,0.93639886,3,True,0.0133631154894828
3N76,T,1,False,0.5874096155166626,96.44996575598202,,,,1,False,
1PVV,T,hf,True,1.7083628177642822,96.7371051552906,0.9430265085999398,0.9501956190189856,0.94123423,2,True,0.0214299373328685
1PVV,T,3,True,21.47344398498535,96.7371051552906,0.9430265085999398,0.9501956190189856,0.94123423,2,True,0.0214299373328685
1PVV,T,2_1,True,21.478918075561523,95.6328514147756,0.8869894025586026,0.9140658367981398,0.8802203,2,False,
1PVV,T,2_2,True,20.603071212768555,95.6328514147756,0.8869894025586026,0.9140658367981398,0.8802203,2,False,
1PVV,T,1,False,1.5537707805633545,96.69802763238856,,,,1,False,
3RCO,T,hf,True,9.472970962524414,78.2532935241973,0.192240435365197,0.3946798169779629,0.14163059,3,False,
3RCO,T,3,True,12.357152938842772,78.2532935241973,0.192240435365197,0.3946798169779629,0.14163059,3,False,
3RCO,T,2_1,True,9.24814510345459,89.7180128418101,0.5417593235155993,0.6993576260313655,0.50235975,3,False,
3RCO,T,2_2,True,18.19318199157715,89.7180128418101,0.5417593235155993,0.6993576260313655,0.50235975,3,False,
3RCO,T,1,False,2.9529147148132324,90.42839342193548,,,,1,False,
7Q03,T,hf,True,0.9729530215263368,89.75417573411485,0.5953095415880737,0.6954500442224381,0.5709138,3,False,
7Q03,T,3,True,1.304042935371399,89.75417573411485,0.5953095415880737,0.6954500442224381,0.5709138,3,False,
7Q03,T,2_1,True,0.9494266510009766,96.80957684209716,0.9411904340990211,0.9387885050296144,0.9422115,3,True,0.0129423039034008
7Q03,T,2_2,True,18.905838012695312,96.80957684209716,0.9411904340990211,0.9387885050296144,0.9422115,3,True,0.0129423039034008
7Q03,T,1,False,0.8513391613960266,97.70743991866662,,,,1,False,
2XDA,T,hf,True,0.7731403708457947,91.31156637140018,0.6535617417461548,0.7404163213406375,0.6318481,3,False,
2XDA,T,3,True,1.0682344436645508,91.31156637140018,0.6535617417461548,0.7404163213406375,0.6318481,3,False,
2XDA,T,2_1,True,0.7946419715881348,96.55423434725796,0.9301411751048708,0.9396236554468388,0.92777056,2,True,0.0097852367907762
2XDA,T,2_2,True,13.467634201049805,96.55423434725796,0.9301411751048708,0.9396236554468388,0.92777056,3,True,0.0097852367907762
2XDA,T,1,False,0.5675885081291199,95.94619744164272,,,,1,False,
2ZY2,T,hf,True,9.421634674072266,85.89132787146639,0.620504565857353,0.7098786623403537,0.59816104,3,False,
2ZY2,T,3,True,5.5947442054748535,85.89132787146639,0.620504565857353,0.7098786623403537,0.59816104,3,False,
2ZY2,T,2_1,True,2.629625082015991,94.16436832493324,0.9530867395593168,0.9554635573394298,0.95249254,3,True,0.016053095459938
2ZY2,T,2_2,True,11.496684074401855,94.16436832493324,0.9530867395593168,0.9554635573394298,0.95249254,3,True,0.016053095459938
2ZY2,T,1,False,2.386998653411865,92.88638810563336,,,,1,False,
2C2U,T,hf,True,9.887298583984377,85.36883902387959,0.6563840058943522,0.7214098709329424,0.64012754,3,False,
2C2U,T,3,True,9.889079093933104,85.36883902387959,0.6563840058943522,0.7214098709329424,0.64012754,3,False,
2C2U,T,2_1,True,4.88495397567749,89.52175122554777,0.8635934361762372,0.8703565641972252,0.86190265,2,False,
2C2U,T,2_2,True,13.602272987365724,89.52175122554777,0.8635934361762372,0.8703565641972252,0.86190265,3,False,
2C2U,T,1,False,1.1574755907058716,95.27288230565968,,,,1,False,
6M8T,T,hf,True,1.2540338039398191,87.46001932426441,0.5458294989599909,0.6631453642915315,0.51650053,3,False,
6M8T,T,3,True,1.2881441116333008,87.46001932426441,0.5458294989599909,0.6631453642915315,0.51650053,3,False,
6M8T,T,2_1,True,1.1514456272125244,96.08528983289858,0.9286184837371187,0.93730952836577,0.9264457,2,True,0.0152030168101191
6M8T,T,2_2,True,8.408273696899414,96.08528983289858,0.9286184837371187,0.93730952836577,0.9264457,3,True,0.0152030168101191
6M8T,T,1,False,1.1247166395187378,96.47913389261298,,,,1,False,
6LBD,O,hf,True,0.7273805141448975,92.55037980797805,0.7131058908050525,0.7648953082885679,0.70015854,4,False,
6LBD,O,3,True,0.90254008769989,90.17128899665018,0.6436670866562041,0.7337501480942527,0.6211463,4,False,
6LBD,O,2_1,True,0.528083324432373,97.5488399481036,0.9319168548909064,0.943484058542666,0.92902505,4,True,0.0133218597620725
6LBD,O,2_2,True,7.084662914276123,97.5488399481036,0.9319168548909064,0.943484058542666,0.92902505,4,True,0.0133218597620725
6LBD,O,1,False,0.3228862881660461,97.67761023590272,,,,1,False,
5XDS,O,hf,True,0.3900055289268493,89.39251586216702,0.6079955786058596,0.684534892235841,0.58886075,4,False,
5XDS,O,3,True,0.3839368522167206,95.93972211272376,0.8913815693881599,0.9150346303117712,0.8854683,4,False,
5XDS,O,2_1,True,0.4026469886302948,94.209266434434,0.3811893650965167,0.6389451966068512,0.3167504,4,False,
5XDS,O,2_2,True,0.5129562616348267,94.209266434434,0.3811893650965167,0.6389451966068512,0.3167504,4,False,
5XDS,O,1,False,0.4504048824310303,98.01789725804394,,,,1,False,
7NTN,O,hf,True,17.727170944213867,68.82605340261624,0.3175576160552087,0.3869038572917295,0.30022106,3,False,
7NTN,O,3,True,16.029327392578125,85.41335669627661,0.5237246517833807,0.558964731542636,0.51491463,4,False,
7NTN,O,2_1,True,18.25240898132324,90.70327819871906,0.6616157562229801,0.6536498222220779,0.66360724,4,False,
7NTN,O,2_2,True,19.103147506713867,90.70327819871906,0.6616157562229801,0.6536498222220779,0.66360724,4,False,
7NTN,O,1,False,0.9117969274520874,88.47906628822179,,,,1,False,
6H05,O,hf,True,22.54625701904297,91.73920459429505,0.8815199640197459,0.8970657720182846,0.8776335,4,False,
6H05,O,3,True,2.1195619106292725,95.59529861394869,0.9425488771665032,0.9488336154162558,0.9409777,3,True,0.0190717168152332
6H05,O,2_1,True,25.22373580932617,96.0096462253187,0.9098730407994808,0.9269138986079988,0.9056128,4,False,
6H05,O,2_2,True,20.92355728149414,96.0096462253187,0.9098730407994808,0.9269138986079988,0.9056128,4,False,
6H05,O,1,False,0.9472445249557496,95.15869241665882,,,,1,False,
6B8F,O,hf,True,0.4651259183883667,94.45278824123297,0.7906628667244551,0.828757792179404,0.78113914,4,False,
6B8F,O,3,True,0.6060426831245422,95.07321560018067,0.7962246330176765,0.8440668143803747,0.7842641,4,False,
6B8F,O,2_1,True,0.245375782251358,98.3995044381305,0.9431538858330616,0.9525883933902102,0.94090706,2,True,0.0086057428270578
6B8F,O,2_2,True,10.24892234802246,98.3995044381305,0.9431538858330616,0.9525883933902102,0.94090706,4,True,0.0086057428270578
6B8F,O,1,False,0.2768182754516601,98.11934355684842,,,,1,False,
3WIS,O,hf,True,17.79241180419922,92.37804748054909,0.8094728034049126,0.8399002872290784,0.80189896,4,False,
3WIS,O,3,True,2.161200761795044,97.12290391505368,0.9570088133069946,0.9606469794378047,0.9560993,2,True,0.0227480772882699
3WIS,O,2_1,True,20.24594497680664,96.36483154444294,0.9262395215313451,0.9390608431303586,0.9230342,4,False,
3WIS,O,2_2,True,16.972347259521484,96.36483154444294,0.9262395215313451,0.9390608431303586,0.9230342,4,False,
3WIS,O,1,False,0.9843178391456604,94.40384588762154,,,,1,False,
5H46,O,hf,True,3.7890431880950928,91.6828320253919,0.783485961017632,0.8227692845345705,0.77366513,3,False,
5H46,O,3,True,2.5506086349487305,91.52062073106052,0.6844633286797233,0.7628186670955156,0.6648745,3,False,
5H46,O,2_1,True,1.647865891456604,96.80189938639356,0.9375981457217948,0.9459276831072648,0.93551576,3,True,0.0110150733962655
5H46,O,2_2,True,15.582661628723145,96.80189938639356,0.9375981457217948,0.9459276831072648,0.93551576,3,True,0.0110150733962655
5H46,O,1,False,1.410973072052002,98.48548967756597,,,,1,False,
3KXU,O,hf,True,1.7583348751068115,83.39607122079516,0.5140888213232215,0.6062492127791322,0.49104872,4,False,
3KXU,O,3,True,1.8268684148788448,79.8347224101384,0.2724839514531511,0.4619983762690512,0.22510535,4,False,
3KXU,O,2_1,True,1.0736933946609497,94.41453687107672,0.9069162511995784,0.9208360434429594,0.9034363,3,True,0.0123498169705271
3KXU,O,2_2,True,12.640113830566406,94.41453687107672,0.9069162511995784,0.9208360434429594,0.9034363,3,True,0.0123498169705271
3KXU,O,1,False,0.5315065979957581,97.12189469719104,,,,1,False,
7EMK,O,hf,True,0.4815970361232757,93.94404033398182,0.7809045913116979,0.8205423962557543,0.77099514,4,False,
7EMK,O,3,True,0.4197928607463836,90.98184133976063,0.7040104712491385,0.7770284838702041,0.68575597,4,False,
7EMK,O,2_1,True,0.4024894535541534,97.24680010603949,0.9242815048511082,0.9375143205201892,0.9209733,4,True,0.0131149711087346
7EMK,O,2_2,True,15.377229690551758,97.24680010603949,0.9242815048511082,0.9375143205201892,0.9209733,4,True,0.0131149711087346
7EMK,O,1,False,0.3955090045928955,97.69950278155903,,,,1,False,
1SCZ,O,hf,True,15.384888648986816,93.0391541728967,0.8969316435966279,0.9102163081931,0.8936105,4,False,
1SCZ,O,3,True,0.8391492366790771,95.77735003399282,0.944910791500798,0.9504906488966134,0.9438839,2,True,0.0180565882474184
1SCZ,O,2_1,True,24.32843780517578,95.93619230018064,0.915657660348324,0.9296941607351497,0.91214854,4,False,
1SCZ,O,2_2,True,14.0184907913208,95.93619230018064,0.915657660348324,0.9296941607351497,0.91214854,4,False,
1SCZ,O,1,False,1.1307343244552612,95.5864212673633,,,,1,False,
3FVB,O,hf,True,0.5594404935836792,94.8676505915158,0.7858836835189984,0.8232656446915494,0.7765382,4,False,
3FVB,O,3,True,0.5684588551521301,87.07754867492346,0.4730628752349992,0.6097904561157915,0.43888098,4,False,
3FVB,O,2_1,True,0.4762670993804931,98.0195618326822,0.9365709144077404,0.9462975652027644,0.93413925,4,True,0.012267398647964
3FVB,O,2_2,True,14.33215045928955,98.0195618326822,0.9365709144077404,0.9462975652027644,0.93413925,4,True,0.012267398647964
3FVB,O,1,False,0.3234623968601227,97.65407489648386,,,,1,False,
7O63,O,hf,True,0.4447879195213318,92.58912472715453,0.7351972197874407,0.7844980236808559,0.722872,4,False,
7O63,O,3,True,0.5155555009841919,88.31702057963201,0.5574653383173914,0.6735633592200134,0.52844083,4,False,
7O63,O,2_1,True,0.347990483045578,97.54355024561698,0.9360071270909796,0.9472442116572896,0.93319786,4,True,0.0108626885339617
7O63,O,2_2,True,11.077886581420898,97.54355024561698,0.9360071270909796,0.9472442116572896,0.93319786,4,True,0.0108626885339617
7O63,O,1,False,0.2616490423679352,98.13687211572388,,,,1,False,
2XZZ,O,hf,True,16.711130142211914,96.1733659724516,0.8158301511332572,0.845908243917018,0.8083106,3,False,
2XZZ,O,3,True,13.576668739318848,81.58737121489477,0.2181355233323119,0.4232547259984126,0.16685572,3,False,
2XZZ,O,2_1,True,13.247045516967772,91.93329458052864,0.5823912609101398,0.7288479747777499,0.5457771,4,False,
2XZZ,O,2_2,True,17.61882209777832,91.93329458052864,0.5823912609101398,0.7288479747777499,0.5457771,3,False,
2XZZ,O,1,False,12.036222457885742,97.17751397895644,,,,1,False,
7PF9,O,hf,True,1.0749711990356443,91.89222707931695,0.7366040622395827,0.7838823374125132,0.7247845,4,False,
7PF9,O,3,True,1.1176981925964355,87.38260841126153,0.5613191797466995,0.673233128652931,0.5333407,4,False,
7PF9,O,2_1,True,0.7565795183181763,95.82333638868992,0.9111804462498736,0.9255010967584014,0.9076003,4,True,0.0115810744464397
7PF9,O,2_2,True,15.565262794494627,95.82333638868992,0.9111804462498736,0.9255010967584014,0.9076003,4,True,0.0115810744464397
7PF9,O,1,False,0.191744714975357,98.42202988451947,,,,1,False,
3R2K,O,hf,True,0.5927722454071045,95.69911312383582,0.8248285118607869,0.8540743906637978,0.81751704,4,False,
3R2K,O,3,True,0.7246254682540894,88.21400195408178,0.4422055440554498,0.5871492412733429,0.40596962,4,False,
3R2K,O,2_1,True,0.3397239744663238,97.74940217293802,0.9245359285250432,0.936860493607881,0.9214548,4,True,0.0092492131516337
3R2K,O,2_2,True,14.102534294128418,97.74940217293802,0.9245359285250432,0.936860493607881,0.9214548,3,True,0.0092492131516337
3R2K,O,1,False,0.327635645866394,98.52078964453403,,,,1,False,
2V2P,O,hf,True,0.7587025165557861,93.0225975576608,0.8469818575567034,0.8693253911465539,0.841396,4,False,
2V2P,O,3,True,0.8203614950180054,82.50383900020125,0.5358428901759129,0.6484968395666983,0.5076794,4,False,
2V2P,O,2_1,True,0.6399996876716614,92.20674822134914,0.8922738384446034,0.905010616402094,0.88908964,4,False,
2V2P,O,2_2,True,14.359664916992188,92.20674822134914,0.8922738384446034,0.905010616402094,0.88908964,4,False,
2V2P,O,1,False,0.3963212072849273,94.6712479113178,,,,1,False,
4AM5,O,hf,True,0.7167531847953796,95.5842253810122,0.7995515106020514,0.8335090865185577,0.7910621,4,False,
4AM5,O,3,True,0.7281246781349182,90.3037651644562,0.5915235280961522,0.6935564279410875,0.5660153,4,False,
4AM5,O,2_1,True,0.6883585453033447,98.05385772082413,0.9327542423767694,0.9444494841311616,0.92983043,2,True,0.0080254189670085
4AM5,O,2_2,True,14.097538948059082,98.05385772082413,0.9327542423767694,0.9444494841311616,0.92983043,3,True,0.0080254189670085
4AM5,O,1,False,0.6594339609146118,98.14065149969204,,,,1,False,
3BXV,O,hf,True,0.4308286905288696,87.67143876691097,0.6523173002828971,0.7186582825729324,0.63573205,4,False,
3BXV,O,3,True,0.4142196774482727,87.41000051141894,0.6096849484539207,0.7119217133999748,0.58412576,4,False,
3BXV,O,2_1,True,0.3412922918796539,97.10263220300212,0.9367427779258232,0.9487619166676896,0.933738,2,True,0.0106649165973067
3BXV,O,2_2,True,17.931821823120117,97.10263220300212,0.9367427779258232,0.9487619166676896,0.933738,3,True,0.0106649165973067
3BXV,O,1,False,0.8492420315742493,94.62961343121889,,,,1,False,
6ZPD,O,hf,True,11.011640548706056,87.82676266566047,0.3362302992208867,0.4570006000320457,0.30603772,4,False,
6ZPD,O,3,True,1.7034201622009275,92.94922867739986,0.7530250340805962,0.8039564043812524,0.7402922,3,False,
6ZPD,O,2_1,True,11.28299331665039,90.01253657909868,0.3699290028226814,0.6085792735280797,0.31026644,4,False,
6ZPD,O,2_2,True,13.331754684448242,90.01253657909868,0.3699290028226814,0.6085792735280797,0.31026644,4,False,
6ZPD,O,1,False,1.1228628158569336,96.99388056075082,,,,1,False,
6LJG,O,hf,True,0.452100396156311,94.17189335521148,0.7886756076420289,0.826487130922547,0.7792227,4,False,
6LJG,O,3,True,0.5591331124305725,91.49833705009608,0.6741052488982241,0.756180217116853,0.6535865,4,False,
6LJG,O,2_1,True,0.3293016850948334,97.73626395267677,0.9293829889803062,0.941942200913494,0.9262432,4,True,0.011511567980051
6LJG,O,2_2,True,15.372199058532717,97.73626395267677,0.9293829889803062,0.941942200913494,0.9262432,3,True,0.011511567980051
6LJG,O,1,False,0.328805148601532,97.96885161522805,,,,1,False,
5EKW,O,hf,True,0.4582136571407318,91.95678122764646,0.7320932129589031,0.783192982061361,0.7193183,4,False,
5EKW,O,3,True,0.5032579302787781,97.21113894469532,0.9573116258009704,0.9626705424112236,0.9559719,3,True,0.0210692249238491
5EKW,O,2_1,True,0.5324985980987549,96.80822933318102,0.8496413693860929,0.9002604415196982,0.8369866,4,False,
5EKW,O,2_2,True,0.5272763967514038,96.80822933318102,0.8496413693860929,0.9002604415196982,0.8369866,4,False,
5EKW,O,1,False,0.3997339904308319,97.061820312107,,,,1,False,
5A8D,O,hf,True,12.06013298034668,91.96863939544644,0.39126625673279,0.5154068776123142,0.3602311,3,False,
5A8D,O,3,True,14.982791900634766,92.18311941682772,0.204494941026425,0.4207872141920312,0.15042187,2,False,
5A8D,O,2_1,True,13.70860481262207,93.14119008873269,0.342268383708169,0.6118374477156494,0.27487612,3,False,
5A8D,O,2_2,True,19.507944107055664,93.14119008873269,0.342268383708169,0.6118374477156494,0.27487612,4,False,
5A8D,O,1,False,7.24265718460083,96.74865021447228,,,,1,False,
6LK9,O,hf,True,0.6012912392616272,93.71120476296792,0.7704102078004165,0.8115284636236639,0.76013064,4,False,
6LK9,O,3,True,0.7041265368461609,93.6525434681846,0.7877910181760175,0.838303826689413,0.7751628,4,False,
6LK9,O,2_1,True,0.2901340425014496,97.4255834751074,0.9328531721823918,0.9447512525287808,0.92987865,4,True,0.0104430466890335
6LK9,O,2_2,True,14.169095039367676,97.4255834751074,0.9328531721823918,0.9447512525287808,0.92987865,4,True,0.0104430466890335
6LK9,O,1,False,0.2784138917922973,97.885574715857,,,,1,False,
7OHF,O,hf,True,1.0162986516952517,92.88428549126674,0.8101182310866655,0.8422869886395042,0.80207604,4,False,
7OHF,O,3,True,1.006815791130066,83.74776708631673,0.3247992044262047,0.4976334599514579,0.28159064,4,False,
7OHF,O,2_1,True,0.9912698864936828,96.03780877314196,0.9076438778901516,0.9252056450965094,0.90325344,4,True,0.0115581173449754
7OHF,O,2_2,True,16.153644561767578,96.03780877314196,0.9076438778901516,0.9252056450965094,0.90325344,4,True,0.0115581173449754
7OHF,O,1,False,1.98595666885376,95.63997097075332,,,,1,False,
3N1I,O,hf,True,0.9096530675888062,95.20402866735382,0.9415378234371876,0.9459002721236828,0.9404472,4,True,0.0276241954416036
3N1I,O,3,True,20.57111930847168,93.5975946416798,0.9083808906785682,0.9182720223625672,0.9059081,4,False,
3N1I,O,2_1,True,21.554895401000977,92.85775225189492,0.8461170965415583,0.8784109622152376,0.83804363,4,False,
3N1I,O,2_2,True,21.649066925048828,92.85775225189492,0.8461170965415583,0.8784109622152376,0.83804363,3,False,
3N1I,O,1,False,0.7910212874412537,95.3921444899634,,,,1,False,
5WPN,O,hf,True,0.4469384849071502,93.8230711194946,0.8136372396025054,0.8472417934104762,0.8052361,4,False,
5WPN,O,3,True,0.5210481286048889,92.64357386947312,0.6866081062240563,0.766768844566326,0.6665679,4,False,
5WPN,O,2_1,True,0.3284277617931366,98.04961490888113,0.9396833214830578,0.9500740933772028,0.9370856,4,True,0.0077819162979722
5WPN,O,2_2,True,14.811705589294434,98.04961490888113,0.9396833214830578,0.9500740933772028,0.9370856,4,True,0.0077819162979722
5WPN,O,1,False,0.3313875496387481,98.02553434752544,,,,1,False,
3VNX,O,hf,True,0.5582427978515625,85.01286248597435,0.6310871382078023,0.6962443687123512,0.61479783,4,False,
3VNX,O,3,True,0.5044769644737244,85.07269054026108,0.587968593833475,0.6890514194847577,0.5626979,4,False,
3VNX,O,2_1,True,0.5451169610023499,92.78733199263958,0.787086079116283,0.84883342979162,0.77164924,3,False,
3VNX,O,2_2,True,17.469446182250977,92.78733199263958,0.787086079116283,0.84883342979162,0.77164924,4,False,
3VNX,O,1,False,0.5717431306838989,97.4848507764351,,,,1,False,
5J93,O,hf,True,0.3716928362846374,94.95984068356609,0.8078732816249141,0.8401414592415137,0.79980624,4,False,
5J93,O,3,True,0.3882976770401001,88.1889290394371,0.4936487581505689,0.6247264872860476,0.46087933,4,False,
5J93,O,2_1,True,0.3297193646430969,97.17668665843432,0.9210262460960632,0.93575771821225,0.9173434,3,True,0.0096463914960622
5J93,O,2_2,True,15.041070938110352,97.17668665843432,0.9210262460960632,0.93575771821225,0.9173434,3,True,0.0096463914960622
5J93,O,1,False,0.2982347309589386,97.71926011053716,,,,1,False,
6LPE,O,hf,True,0.5149601697921753,92.51827090223634,0.7567672608093736,0.8013750899813161,0.7456153,4,False,
6LPE,O,3,True,0.6371742486953735,90.57680543976306,0.6888215409547689,0.7653991514596352,0.66967714,4,False,
6LPE,O,2_1,True,0.4714081883430481,97.50646497627562,0.9359082542131516,0.9467422178736196,0.93319976,2,True,0.0136217549443244
6LPE,O,2_2,True,15.284478187561035,97.50646497627562,0.9359082542131516,0.9467422178736196,0.93319976,3,True,0.0136217549443244
6LPE,O,1,False,0.805225670337677,97.52016284244796,,,,1,False,
3KN1,O,hf,True,13.087395668029783,84.48664359880597,0.2364228576382614,0.3799726813835985,0.2005354,4,False,
3KN1,O,3,True,17.923221588134766,86.67492413647258,0.2471106140109845,0.4448448858126742,0.19767705,3,False,
3KN1,O,2_1,True,7.427278995513916,92.79205945528568,0.4182575272813519,0.6432974573448702,0.36199754,3,False,
3KN1,O,2_2,True,21.326560974121094,92.79205945528568,0.4182575272813519,0.6432974573448702,0.36199754,4,False,
3KN1,O,1,False,1.102365016937256,93.00096656335938,,,,1,False,
1DPB,O,hf,True,24.93856430053711,86.53544540020144,0.6888344004673739,0.7383147254203652,0.6764643,4,False,
1DPB,O,3,True,0.2511736452579498,97.74133264626478,0.9645191152046368,0.9671768939247948,0.9638547,3,True,0.0166504476219415
1DPB,O,2_1,True,27.400562286376957,97.97096191102968,0.94730462019433,0.9553536864513866,0.94529235,4,False,
1DPB,O,2_2,True,24.06330108642578,97.97096191102968,0.94730462019433,0.9553536864513866,0.94529235,4,False,
1DPB,O,1,False,0.2763148546218872,97.35774310004064,,,,1,False,
