Symmetry,RMSD,pdbid,docking type,TMscore,DockQ,type
O,5.361120223999023,5H46,Complete assembly,0.91093,0.5311052009279001,Best Ranked
O,3.607475280761719,5H46,Complete assembly,0.95363,0.5517320002180364,Best Cluster
I,1.3494031429290771,1T0T,Complete assembly,0.99711,0.8014500438012627,Best Ranked
I,1.3494031429290771,1T0T,Complete assembly,0.99711,0.8014500438012627,Best Cluster
T,9.130623817443848,2QQY,Complete assembly,0.71411,0.5548024761016751,Best Ranked
T,3.70215368270874,2QQY,Complete assembly,0.88882,0.5548024761016751,Best Cluster
O,1.2603249549865725,5EKW,Complete assembly,0.99507,0.7291675812632511,Best Ranked
O,0.6721718907356262,5EKW,Complete assembly,0.99859,0.7929937152578349,Best Cluster
O,1.3183313608169556,7O63,Complete assembly,0.99414,0.7234594863194999,Best Ranked
O,0.853046178817749,7O63,Complete assembly,0.99753,0.8416161696122841,Best Cluster
T,1.4669021368026731,7Q03,Complete assembly,0.99298,0.8087447536284007,Best Ranked
T,1.1513441801071167,7Q03,Complete assembly,0.99558,0.8452570185259589,Best Cluster
I,0.8715012669563293,1JH5,Complete assembly,0.99848,0.8429792309814104,Best Ranked
I,0.8384395241737366,1JH5,Complete assembly,0.99863,0.8467330651590779,Best Cluster
T,1.4984089136123655,4DCL,Complete assembly,0.98896,0.708429239924796,Best Ranked
T,1.4984089136123655,4DCL,Complete assembly,0.98896,0.806546499477991,Best Cluster
I,1.1065983772277832,1X36,Complete assembly,0.99688,0.8324198490212574,Best Ranked
I,1.0315852165222168,1X36,Complete assembly,0.99761,0.8324198490212574,Best Cluster
T,0.8293613195419312,6M8V,Complete assembly,0.99641,0.6215525065369956,Best Ranked
T,0.7968817353248596,6M8V,Complete assembly,0.99692,0.8923144654566593,Best Cluster
I,2.035471200942993,6ZLO,Complete assembly,0.99428,0.6635588340862911,Best Ranked
I,2.035471200942993,6ZLO,Complete assembly,0.99428,0.6635588340862911,Best Cluster
O,1.844765067100525,3N1I,Complete assembly,0.9867,0.6898017931864227,Best Ranked
O,1.760478138923645,3N1I,Complete assembly,0.9867,0.7131974598333384,Best Cluster
T,0.5862749814987183,2CC9,Complete assembly,0.99603,0.8707786188582642,Best Ranked
T,0.5410345196723938,2CC9,Complete assembly,0.99656,0.8817600556357426,Best Cluster
O,4.664422035217285,6H05,Complete assembly,0.94309,0.38653812346743666,Best Ranked
O,3.5448124408721924,6H05,Complete assembly,0.96437,0.4304442501520136,Best Cluster
O,15.878876686096191,3WIS,Complete assembly,0.48519,0.3936709863526954,Best Ranked
O,2.4151477813720703,3WIS,Complete assembly,0.98542,0.6272276545229829,Best Cluster
T,14.922296524047852,3LEO,Complete assembly,0.47252,0.6496199672523444,Best Ranked
T,6.997420787811279,3LEO,Complete assembly,0.80977,0.7123598653666425,Best Cluster
I,2.436409950256348,4V4M,Complete assembly,0.98519,0.5336985293832437,Best Ranked
I,1.915838360786438,4V4M,Complete assembly,0.99178,0.7468129441684047,Best Cluster
I,1.896589994430542,1HQK,Complete assembly,0.99264,0.6430268000900924,Best Ranked
I,0.731841504573822,1HQK,Complete assembly,0.99897,0.8141446770148311,Best Cluster
O,1.4577356576919556,7OHF,Complete assembly,0.99127,0.7934463491784987,Best Ranked
O,1.4577356576919556,7OHF,Complete assembly,0.99127,0.7934463491784987,Best Cluster
I,0.8364143371582031,7B3Y,Complete assembly,0.99869,0.9181775713320042,Best Ranked
I,0.8364143371582031,7B3Y,Complete assembly,0.99869,0.9252205618210703,Best Cluster
T,1.707805037498474,6HSB,Complete assembly,0.98575,0.8493672536135659,Best Ranked
T,1.495622634887695,6HSB,Complete assembly,0.98792,0.8493672536135659,Best Cluster
I,1.4813028573989868,1T0T,Reassembly,0.99551,0.7936211140735765,Best Ranked
I,1.4813028573989868,1T0T,Reassembly,0.99551,0.916,Best Cluster
I,1.8729873895645144,4V4M,Reassembly,0.98865,0.6977022210896826,Best Ranked
I,1.8729873895645144,4V4M,Reassembly,0.98865,0.6977022210896826,Best Cluster
I,0.6923652291297913,1JH5,Reassembly,0.9986,0.906037872709969,Best Ranked
I,0.6923652291297913,1JH5,Reassembly,0.9991,0.906037872709969,Best Cluster
I,1.4722501039505005,1HQK,Reassembly,0.99496,0.6967467255006039,Best Ranked
I,0.7224887013435364,1HQK,Reassembly,0.99903,0.829,Best Cluster
I,1.17286479473114,1X36,Reassembly,0.99632,0.8188018035275828,Best Ranked
I,1.17286479473114,1X36,Reassembly,0.99697,0.8188018035275828,Best Cluster
I,0.94056898355484,7B3Y,Reassembly,0.99831,0.9162635523101363,Best Ranked
I,0.6241322755813599,7B3Y,Reassembly,0.99944,0.9313925237773346,Best Cluster
I,1.9718166589736936,6ZLO,Reassembly,0.99206,0.758004286649006,Best Ranked
I,1.9718166589736936,6ZLO,Reassembly,0.99206,0.76,Best Cluster
T,0.6140419244766235,2CC9,Reassembly,0.99561,0.8607906554954741,Best Ranked
T,0.4282423257827759,2CC9,Reassembly,0.99788,0.8752735581133874,Best Cluster
O,4.82161283493042,5H46,Reassembly,0.92813,0.5481070883646795,Best Ranked
O,4.708812236785889,5H46,Reassembly,0.93095,0.560723980827774,Best Cluster
T,0.8322629332542419,2QQY,Reassembly,0.96225,0.8633155490834276,Best Ranked
T,0.8322629332542419,2QQY,Reassembly,0.96225,0.8633155490834276,Best Cluster
O,3.691110134124756,6H05,Reassembly,0.96285,0.403,Best Ranked
O,3.691110134124756,6H05,Reassembly,0.96285,0.43,Best Cluster
O,1.2467705011367798,5EKW,Reassembly,0.99447,0.6944976597000283,Best Ranked
O,1.1204746961593628,5EKW,Reassembly,0.99585,0.863,Best Cluster
O,0.8788664937019348,7O63,Reassembly,0.99745,0.7277004147914288,Best Ranked
O,0.6615444421768188,7O63,Reassembly,0.9985,0.7277004147914288,Best Cluster
T,1.3642510175704956,7Q03,Reassembly,0.99405,0.8237039902033452,Best Ranked
T,1.3642510175704956,7Q03,Reassembly,0.99405,0.8237039902033452,Best Cluster
O,2.713527202606201,3WIS,Reassembly,0.98006,0.5664967820890223,Best Ranked
O,2.6994519233703613,3WIS,Reassembly,0.98027,0.5989327253930048,Best Cluster
T,5.995542049407959,3LEO,Reassembly,0.92619,0.5737317223028231,Best Ranked
T,2.169437885284424,3LEO,Reassembly,0.97226,0.7373274918792613,Best Cluster
T,2.308366537094116,4DCL,Reassembly,0.97213,0.869,Best Ranked
T,1.1319255828857422,4DCL,Reassembly,0.99353,0.869,Best Cluster
O,2.047006607055664,7OHF,Reassembly,0.98349,0.6633474579199448,Best Ranked
O,1.0567166805267334,7OHF,Reassembly,0.99516,0.8386744689452831,Best Cluster
T,0.8595312237739563,6M8V,Reassembly,0.99618,0.8130380022623507,Best Ranked
T,0.8595312237739563,6M8V,Reassembly,0.99618,0.8130380022623507,Best Cluster
T,1.646578311920166,6HSB,Reassembly,0.98676,0.8440183742097804,Best Ranked
T,1.4975594282150269,6HSB,Reassembly,0.98875,0.8659331732160895,Best Cluster
O,1.3553560972213743,3N1I,Reassembly,0.99259,0.6262786599734849,Best Ranked
O,1.3553560972213743,3N1I,Reassembly,0.99259,0.732324134478301,Best Cluster
